(no author) = no_author <no_author@example.com>
MaartenBrock = Maarten Brock <sourceforge.brock@dse.nl>
anoncvs_rymo = anoncvs_rymo <anoncvs_rymo@example.com>
b-s-a = Sergey Belyashov <b-s-a@example.com>
basxto = Sebastian Riedel <basxto@example.com>
bela = Bela Torok <bela@example.com>
benshi = Ben Shi <powerstudio1st@163.com>
bernhardheld = Bernhard Held <bernhard@bernhardheld.de>
borutr = Borut Ražem <borut.razem@gmail.com>
drdani = Daniel Drotos <drdani@mazsola.iit.uni-miskolc.hu>
enigmalee = Leland Morrison <enigmalee@sourceforget.net>
epetrich = Erik Petrich <epetrich@users.sourceforge.net>
felixs = Felix <felix@example.com>
frief = Frieder Ferlemann <Frieder.Ferlemann@web.de>
gorlik = Gabriele Gorla <gorlik@example.com>
heruan = Giovanni Lovato <heruan@example.com>
hjdorn = Hans Dorn <hjdorn@example.com>
jbess = Jerome Bessiere <jbess@example.com>
jesusc = Jesus Calvino-Fraga <jesusc@ece.ubc.ca>
johanknol = Johan Knol <johan.knol@users.sourceforge.net>
jtvolpe = jtvolpe <jtvolpe@example.com>
karahalios = Alex Karahalios <karahalios@example.com>
kbongers = Karl Bongers <karl@turbobit.com> 
kflittner = Klaus Flittner <kflittner@example.com>
kmh = Klaus Martin Hennemann <kmh@example.com>
kvigor = Kevin Vigor <kevin@vigor.nu>
maartenbrock = Maarten Brock <sourceforge.brock@dse.nl>
mhelmling = Martin Helmling <mhelmling@example.com>
michaelh = Michael Hope <michaelh@juju.net.nz>
molnarkaroly = Molnár Károly <molnarkaroly@users.sf.net>
mschmitt = mschmitt <mschmitt@example.com>
pjs = Paul Stoffregen <paul@pjrc.com>
root = root <root@example.com>
roybaer = Benedikt Freisen <roybaer@example.com>
sandeep = Sandeep Dutta <sandeep@users.sourceforge.net>
sdattalo = Scott Dattalo <scott@dattalo.com>
sdcc-builder = Erik Petrich <sdcc-builder@example.com>
skenton = Stephen M. Kenton <skenton@example.com>
slade_rich = Slade Rich <slade_rich@example.com>
spth = Philipp Klaus Krause <pkk@spth.de>
stevewilliams = Stephen Williams <stevewilliams@example.com>
tecodev = Raphael Neider <RNeider@web.de>
uid21261 = uid21261 <uid21261@example.com>
vaclavpe = Vaclav Peroutka <vaclavpe@users.sourceforge.net>
vav = Anton Voloshin <vav@example.com>
vdudouyt = Valentin Dudouyt <valentin.dudouyt@gmail.com>
visenri = Visenri <visenri@example.com>
vrokas = Vangelis Rokas <vrokas@otenet.gr>
wiml = Wim Lewis <wiml@example.com>
